__ERROR__	/Users/logoutx/Library/CloudStorage/GoogleDrive-jethorg@gmail.com/My Drive/Projects/qdaily_full_backup/source/2015/01/13/《查理周刊》遇袭，苹果等大公司集体站台声援_商业_好奇心日报-许冰清.md	missing_link
__ERROR__	/Users/logoutx/Library/CloudStorage/GoogleDrive-jethorg@gmail.com/My Drive/Projects/qdaily_full_backup/source/2015/01/29/三个月净赚180亿，苹果差不多可以改名苹果手机公司_智能_好奇心日报-王杰夫夏雨青.md	missing_link
__ERROR__	/Users/logoutx/Library/CloudStorage/GoogleDrive-jethorg@gmail.com/My Drive/Projects/qdaily_full_backup/source/2015/02/06/20年专注不赚钱的亚马逊，又成了投资人的宠儿_智能_好奇心日报-黄俊杰.md	missing_link
__ERROR__	/Users/logoutx/Library/CloudStorage/GoogleDrive-jethorg@gmail.com/My Drive/Projects/qdaily_full_backup/source/2015/02/10/情人节，我们为热爱科技的你准备了一个剁手清单_智能_好奇心日报-唐云路.md	missing_link
__ERROR__	/Users/logoutx/Library/CloudStorage/GoogleDrive-jethorg@gmail.com/My Drive/Projects/qdaily_full_backup/source/2015/02/18/「充电」新春假期生活新技能get√_智能_好奇心日报-崔绮雯唐云路高宇馨王杰夫.md	missing_link
__ERROR__	/Users/logoutx/Library/CloudStorage/GoogleDrive-jethorg@gmail.com/My Drive/Projects/qdaily_full_backup/source/2015/02/18/「游戏」把这些游戏甩给熊孩子，你的世界就清净了_游戏_好奇心日报-王杰夫.md	missing_link
__ERROR__	/Users/logoutx/Library/CloudStorage/GoogleDrive-jethorg@gmail.com/My Drive/Projects/qdaily_full_backup/source/2015/02/18/「电影」大年夜看这些电影，看着看着就饿了_娱乐_好奇心日报-俞斯译开寅.md	missing_link
__ERROR__	/Users/logoutx/Library/CloudStorage/GoogleDrive-jethorg@gmail.com/My Drive/Projects/qdaily_full_backup/source/2015/02/18/「读书」让我们看看这个世界上的天才们_文化_好奇心日报-伊险峰.md	missing_link
__ERROR__	/Users/logoutx/Library/CloudStorage/GoogleDrive-jethorg@gmail.com/My Drive/Projects/qdaily_full_backup/source/2015/02/18/好奇心日报XVICE|那些特别款的旅游目的地_文化_好奇心日报-马宁忆&VICE.md	missing_link
__ERROR__	/Users/logoutx/Library/CloudStorage/GoogleDrive-jethorg@gmail.com/My Drive/Projects/qdaily_full_backup/source/2015/02/18/好奇心日报X果壳|我们不穿秋裤也没事_智能_好奇心日报-许冰清&果壳.md	missing_link
__ERROR__	/Users/logoutx/Library/CloudStorage/GoogleDrive-jethorg@gmail.com/My Drive/Projects/qdaily_full_backup/source/2015/02/18/好奇心日报X穷游|回家，就像当地人一样_文化_好奇心日报-&穷游网.md	missing_link
__ERROR__	/Users/logoutx/Library/CloudStorage/GoogleDrive-jethorg@gmail.com/My Drive/Projects/qdaily_full_backup/source/2015/02/19/「HackYourLife」送给父母的手机，上面可以装这些_智能_好奇心日报-唐云路崔绮雯.md	missing_link
__ERROR__	/Users/logoutx/Library/CloudStorage/GoogleDrive-jethorg@gmail.com/My Drive/Projects/qdaily_full_backup/source/2015/02/19/「充电」懒人运动减肥教程_智能_好奇心日报-崔绮雯夏雨青唐云路王杰夫.md	missing_link
__ERROR__	/Users/logoutx/Library/CloudStorage/GoogleDrive-jethorg@gmail.com/My Drive/Projects/qdaily_full_backup/source/2015/02/19/「电影」看完这些电影，新一年对长辈好一点_娱乐_好奇心日报-俞斯译LOOK.md	missing_link
__ERROR__	/Users/logoutx/Library/CloudStorage/GoogleDrive-jethorg@gmail.com/My Drive/Projects/qdaily_full_backup/source/2015/02/19/「读书」我们要感谢那些很酷的东西让我们免于庸俗_文化_好奇心日报-伊险峰.md	missing_link
__ERROR__	/Users/logoutx/Library/CloudStorage/GoogleDrive-jethorg@gmail.com/My Drive/Projects/qdaily_full_backup/source/2015/02/19/好奇心日报XVICE|换个角度，看你熟悉的城市_文化_好奇心日报-马宁忆&VICE.md	missing_link
__ERROR__	/Users/logoutx/Library/CloudStorage/GoogleDrive-jethorg@gmail.com/My Drive/Projects/qdaily_full_backup/source/2015/02/19/好奇心日报X果壳|耍酷原来还可以这样搞_智能_好奇心日报-许冰清&果壳.md	missing_link
__ERROR__	/Users/logoutx/Library/CloudStorage/GoogleDrive-jethorg@gmail.com/My Drive/Projects/qdaily_full_backup/source/2015/02/19/好奇心日报X穷游|反正我们在一起就好了_文化_好奇心日报-&穷游网.md	missing_link
__ERROR__	/Users/logoutx/Library/CloudStorage/GoogleDrive-jethorg@gmail.com/My Drive/Projects/qdaily_full_backup/source/2015/02/20/「充电」时间和任务管理系列，GTD大法好！_智能_好奇心日报-崔绮雯王嘉俊高宇馨黄俊杰王杰夫夏雨青.md	missing_link
__ERROR__	/Users/logoutx/Library/CloudStorage/GoogleDrive-jethorg@gmail.com/My Drive/Projects/qdaily_full_backup/source/2015/02/20/「游戏」被迫出门走亲戚，可以用碎片时间玩这些_游戏_好奇心日报-王杰夫夏雨青.md	missing_link
__ERROR__	/Users/logoutx/Library/CloudStorage/GoogleDrive-jethorg@gmail.com/My Drive/Projects/qdaily_full_backup/source/2015/02/20/「电影」这些电影里的画面，被无数人做成壁纸_娱乐_好奇心日报-俞斯译王昕.md	missing_link
__ERROR__	/Users/logoutx/Library/CloudStorage/GoogleDrive-jethorg@gmail.com/My Drive/Projects/qdaily_full_backup/source/2015/02/20/「读书」既然你对生活有要求，就看点厉害的入门款吧！_文化_好奇心日报-杨樱.md	missing_link
__ERROR__	/Users/logoutx/Library/CloudStorage/GoogleDrive-jethorg@gmail.com/My Drive/Projects/qdaily_full_backup/source/2015/02/20/好奇心日报XVICE|换一种方式来理解那些坏东西_文化_好奇心日报-马宁忆&VICE.md	missing_link
__ERROR__	/Users/logoutx/Library/CloudStorage/GoogleDrive-jethorg@gmail.com/My Drive/Projects/qdaily_full_backup/source/2015/02/20/好奇心日报X果壳|大过节的，这些胡说八道不用相信_智能_好奇心日报-许冰清&果壳.md	missing_link
__ERROR__	/Users/logoutx/Library/CloudStorage/GoogleDrive-jethorg@gmail.com/My Drive/Projects/qdaily_full_backup/source/2015/02/20/好奇心日报X穷游|玩点什么就是学点什么_文化_好奇心日报-&穷游网.md	missing_link
__ERROR__	/Users/logoutx/Library/CloudStorage/GoogleDrive-jethorg@gmail.com/My Drive/Projects/qdaily_full_backup/source/2015/02/21/「游戏」好奇心日报X最美应用|最赏心悦目的那些游戏_游戏_好奇心日报-黄俊杰最美应用王夫.md	missing_link
__ERROR__	/Users/logoutx/Library/CloudStorage/GoogleDrive-jethorg@gmail.com/My Drive/Projects/qdaily_full_backup/source/2015/02/21/「电影」哎哟，这些电影里的音乐不错哦_娱乐_好奇心日报-俞斯译伯樵.md	missing_link
__ERROR__	/Users/logoutx/Library/CloudStorage/GoogleDrive-jethorg@gmail.com/My Drive/Projects/qdaily_full_backup/source/2015/02/21/「读书」看了这些你可能觉得自己以前被骗了_文化_好奇心日报-伊险峰.md	missing_link
__ERROR__	/Users/logoutx/Library/CloudStorage/GoogleDrive-jethorg@gmail.com/My Drive/Projects/qdaily_full_backup/source/2015/02/21/好奇心日报XMOOC学院|一个有腔调的学习计划_智能_好奇心日报-王嘉俊MOOC学院.md	missing_link
__ERROR__	/Users/logoutx/Library/CloudStorage/GoogleDrive-jethorg@gmail.com/My Drive/Projects/qdaily_full_backup/source/2015/02/21/好奇心日报XVICE|就，这也算体育_文化_好奇心日报-马宁忆&VICE.md	missing_link
__ERROR__	/Users/logoutx/Library/CloudStorage/GoogleDrive-jethorg@gmail.com/My Drive/Projects/qdaily_full_backup/source/2015/02/21/好奇心日报X果壳|如何科学地使用科学_智能_好奇心日报-许冰清&果壳.md	missing_link
__ERROR__	/Users/logoutx/Library/CloudStorage/GoogleDrive-jethorg@gmail.com/My Drive/Projects/qdaily_full_backup/source/2015/02/21/好奇心日报X穷游|吃货，去别处长胖吧_文化_好奇心日报-&穷游网.md	missing_link
__ERROR__	/Users/logoutx/Library/CloudStorage/GoogleDrive-jethorg@gmail.com/My Drive/Projects/qdaily_full_backup/source/2015/02/22/「充电」从英文到克林贡语，总有一款新语言适合你_智能_好奇心日报-崔绮雯夏雨青唐云路王杰夫唐怡园.md	missing_link
__ERROR__	/Users/logoutx/Library/CloudStorage/GoogleDrive-jethorg@gmail.com/My Drive/Projects/qdaily_full_backup/source/2015/02/22/「游戏」家里那台旧电脑也可以发挥余热_游戏_好奇心日报-王杰夫黄俊夏雨青.md	missing_link
__ERROR__	/Users/logoutx/Library/CloudStorage/GoogleDrive-jethorg@gmail.com/My Drive/Projects/qdaily_full_backup/source/2015/02/22/「电影」不是恐怖片，但这些电影真心吓人_娱乐_好奇心日报-俞斯译黄小米.md	missing_link
__ERROR__	/Users/logoutx/Library/CloudStorage/GoogleDrive-jethorg@gmail.com/My Drive/Projects/qdaily_full_backup/source/2015/02/22/「读书」懂一点自己，懂一点人类_文化_好奇心日报-杨樱.md	missing_link
__ERROR__	/Users/logoutx/Library/CloudStorage/GoogleDrive-jethorg@gmail.com/My Drive/Projects/qdaily_full_backup/source/2015/02/22/好奇心日报XVICE|我穿什么关你啥事_文化_好奇心日报-马宁忆&VICE.md	missing_link
__ERROR__	/Users/logoutx/Library/CloudStorage/GoogleDrive-jethorg@gmail.com/My Drive/Projects/qdaily_full_backup/source/2015/02/22/好奇心日报X果壳|为什么是，以及为什么不_智能_好奇心日报-许冰清&果壳.md	missing_link
__ERROR__	/Users/logoutx/Library/CloudStorage/GoogleDrive-jethorg@gmail.com/My Drive/Projects/qdaily_full_backup/source/2015/02/22/好奇心日报X穷游|不能比买买买更治愈_文化_好奇心日报-&穷游网.md	missing_link
__ERROR__	/Users/logoutx/Library/CloudStorage/GoogleDrive-jethorg@gmail.com/My Drive/Projects/qdaily_full_backup/source/2015/02/23/「充电」工作技能增值大礼包_智能_好奇心日报-黄俊杰夏雨青高宇馨唐云路.md	missing_link
__ERROR__	/Users/logoutx/Library/CloudStorage/GoogleDrive-jethorg@gmail.com/My Drive/Projects/qdaily_full_backup/source/2015/02/23/「游戏」出去和朋友聚会，你可以拿出这些_游戏_好奇心日报-王杰夫黄俊夏雨青崔绮雯.md	missing_link
__ERROR__	/Users/logoutx/Library/CloudStorage/GoogleDrive-jethorg@gmail.com/My Drive/Projects/qdaily_full_backup/source/2015/02/23/「电影」看完这些电影，就不会再爱人类了_娱乐_好奇心日报-magasa.md	missing_link
__ERROR__	/Users/logoutx/Library/CloudStorage/GoogleDrive-jethorg@gmail.com/My Drive/Projects/qdaily_full_backup/source/2015/02/23/「读书」如果你无聊，就不要想着那些人类_文化_好奇心日报-夏雨青.md	missing_link
__ERROR__	/Users/logoutx/Library/CloudStorage/GoogleDrive-jethorg@gmail.com/My Drive/Projects/qdaily_full_backup/source/2015/02/23/好奇心日报XVICE|不按常理出牌的人_文化_好奇心日报-马宁忆&VICE.md	missing_link
__ERROR__	/Users/logoutx/Library/CloudStorage/GoogleDrive-jethorg@gmail.com/My Drive/Projects/qdaily_full_backup/source/2015/02/23/好奇心日报X果壳|认识你自己_智能_好奇心日报-许冰清&果壳.md	missing_link
__ERROR__	/Users/logoutx/Library/CloudStorage/GoogleDrive-jethorg@gmail.com/My Drive/Projects/qdaily_full_backup/source/2015/02/23/好奇心日报X穷游|一个人：像鸟一样自由_文化_好奇心日报-&穷游网.md	missing_link
__ERROR__	/Users/logoutx/Library/CloudStorage/GoogleDrive-jethorg@gmail.com/My Drive/Projects/qdaily_full_backup/source/2015/02/24/「充电」如何克服上班恐惧症？_智能_好奇心日报-崔绮雯.md	missing_link
__ERROR__	/Users/logoutx/Library/CloudStorage/GoogleDrive-jethorg@gmail.com/My Drive/Projects/qdaily_full_backup/source/2015/02/24/「游戏」晚上一个人，可以沉浸进这些游戏_游戏_好奇心日报-王杰夫黄俊夏雨青.md	missing_link
__ERROR__	/Users/logoutx/Library/CloudStorage/GoogleDrive-jethorg@gmail.com/My Drive/Projects/qdaily_full_backup/source/2015/02/24/「电影」明天就要上班了，来点正能量燃一下_娱乐_好奇心日报-丛未.md	missing_link
__ERROR__	/Users/logoutx/Library/CloudStorage/GoogleDrive-jethorg@gmail.com/My Drive/Projects/qdaily_full_backup/source/2015/02/24/「读书」其实了解点商业，并不像想得那样难吧_文化_好奇心日报-伊险峰.md	missing_link
__ERROR__	/Users/logoutx/Library/CloudStorage/GoogleDrive-jethorg@gmail.com/My Drive/Projects/qdaily_full_backup/source/2015/02/24/好奇心日报XVICE|赌你从未想过这些新技能_文化_好奇心日报-马宁忆&VICE.md	missing_link
__ERROR__	/Users/logoutx/Library/CloudStorage/GoogleDrive-jethorg@gmail.com/My Drive/Projects/qdaily_full_backup/source/2015/02/24/好奇心日报X果壳|总有一些事情难以置信_智能_好奇心日报-许冰清&果壳.md	missing_link
__ERROR__	/Users/logoutx/Library/CloudStorage/GoogleDrive-jethorg@gmail.com/My Drive/Projects/qdaily_full_backup/source/2015/02/24/好奇心日报X穷游|来挑战！越冷越开心！_文化_好奇心日报-&穷游网.md	missing_link
__ERROR__	/Users/logoutx/Library/CloudStorage/GoogleDrive-jethorg@gmail.com/My Drive/Projects/qdaily_full_backup/source/2015/03/03/「HackYourLife」别睡了，这10个应用帮你忘记春节、恢复早起_智能_好奇心日报-崔绮雯高宇馨黄俊杰.md	missing_link
__ERROR__	/Users/logoutx/Library/CloudStorage/GoogleDrive-jethorg@gmail.com/My Drive/Projects/qdaily_full_backup/source/2015/03/23/8个事实告诉广告主，移动互联网广告是怎么回事_商业_好奇心日报-柯凌雁.md	missing_link
__ERROR__	/Users/logoutx/Library/CloudStorage/GoogleDrive-jethorg@gmail.com/My Drive/Projects/qdaily_full_backup/source/2015/03/24/创始人周源说，知乎的2015以及它的未来是什么_智能_好奇心日报-唐云路黄俊杰.md	missing_link
__ERROR__	/Users/logoutx/Library/CloudStorage/GoogleDrive-jethorg@gmail.com/My Drive/Projects/qdaily_full_backup/source/2015/04/01/「HackYourLife」快放假了，这42个应用能解决你旅行的一切问题_智能_好奇心日报-唐云路崔绮雯高宇馨王杰夫.md	missing_link
__ERROR__	/Users/logoutx/Library/CloudStorage/GoogleDrive-jethorg@gmail.com/My Drive/Projects/qdaily_full_backup/source/2015/04/08/刘翔退役了，商业比金牌更持久，也比体育更残酷_商业_好奇心日报-俞斯译韩方航.md	missing_link
__ERROR__	/Users/logoutx/Library/CloudStorage/GoogleDrive-jethorg@gmail.com/My Drive/Projects/qdaily_full_backup/source/2015/04/10/2014年的汽车界，谁是广告金主？_商业_好奇心日报-李会娜.md	missing_link
__ERROR__	/Users/logoutx/Library/CloudStorage/GoogleDrive-jethorg@gmail.com/My Drive/Projects/qdaily_full_backup/source/2015/04/16/汽车公司有钱，2014年它们的广告费都被谁拿走了_商业_好奇心日报-李会娜.md	missing_link
__ERROR__	/Users/logoutx/Library/CloudStorage/GoogleDrive-jethorg@gmail.com/My Drive/Projects/qdaily_full_backup/source/2015/04/19/周一开幕的上海车展上，你将会看到哪些新东西？_商业_好奇心日报-韩方航.md	missing_link
__ERROR__	/Users/logoutx/Library/CloudStorage/GoogleDrive-jethorg@gmail.com/My Drive/Projects/qdaily_full_backup/source/2015/04/27/那个叫太阳马戏团的传奇生意，现在如何能值15亿美元？|好奇心商业史_娱乐_好奇心日报-韩方航谢舒敏.md	missing_link
__ERROR__	/Users/logoutx/Library/CloudStorage/GoogleDrive-jethorg@gmail.com/My Drive/Projects/qdaily_full_backup/source/2015/04/28/今日应用：萌系同时又虐心的节奏游戏，来战！_智能_好奇心日报-高宇馨.md	missing_link
__ERROR__	/Users/logoutx/Library/CloudStorage/GoogleDrive-jethorg@gmail.com/My Drive/Projects/qdaily_full_backup/source/2015/05/01/豆瓣虽然没有改变世界，但却改变了我们的生活_商业_好奇心日报-邓若虚黄俊杰.md	missing_link
__ERROR__	/Users/logoutx/Library/CloudStorage/GoogleDrive-jethorg@gmail.com/My Drive/Projects/qdaily_full_backup/source/2015/05/02/「HackYourLife」暂时用不上的一切，这20个应用都能帮你处理了_智能_好奇心日报-赵长存唐云路崔绮雯唐怡园钟舒婷王嘉俊高宇馨.md	missing_link
__ERROR__	/Users/logoutx/Library/CloudStorage/GoogleDrive-jethorg@gmail.com/My Drive/Projects/qdaily_full_backup/source/2015/05/09/「HackYourLife」母亲节，用这32个应用带妈妈去看看这个世界_智能_好奇心日报-唐云路赵长存黄俊杰王杰夫王嘉俊怡园.md	missing_link
__ERROR__	/Users/logoutx/Library/CloudStorage/GoogleDrive-jethorg@gmail.com/My Drive/Projects/qdaily_full_backup/source/2015/05/25/当那个培养了近千硅谷创业公司的训练营自己去创业，它要怎么做？_智能_好奇心日报-黄俊杰.md	missing_link
__ERROR__	/Users/logoutx/Library/CloudStorage/GoogleDrive-jethorg@gmail.com/My Drive/Projects/qdaily_full_backup/source/2015/06/21/[日本語]一大波动漫要拍真人版，粉丝有太多不乐意_文化_好奇心日报-陈思吟.md	missing_link
__ERROR__	/Users/logoutx/Library/CloudStorage/GoogleDrive-jethorg@gmail.com/My Drive/Projects/qdaily_full_backup/source/2015/06/27/[日本語]“妈妈友”是一种复杂的人际关系_文化_好奇心日报-陈思吟.md	missing_link
__ERROR__	/Users/logoutx/Library/CloudStorage/GoogleDrive-jethorg@gmail.com/My Drive/Projects/qdaily_full_backup/source/2015/07/03/今年暑期看什么电影？这里有一份完整的攻略_娱乐_好奇心日报-韩方航.md	missing_link
__ERROR__	/Users/logoutx/Library/CloudStorage/GoogleDrive-jethorg@gmail.com/My Drive/Projects/qdaily_full_backup/source/2015/07/26/「HackYourLife」用这26个应用，优雅地保存你的数字世界_智能_好奇心日报-赵长存唐云路.md	missing_link
__ERROR__	/Users/logoutx/Library/CloudStorage/GoogleDrive-jethorg@gmail.com/My Drive/Projects/qdaily_full_backup/source/2015/08/15/「HackYourLife」全民健身时代，这23个应用想让马甲线爱上你_智能_好奇心日报-周韶宏.md	missing_link
__ERROR__	/Users/logoutx/Library/CloudStorage/GoogleDrive-jethorg@gmail.com/My Drive/Projects/qdaily_full_backup/source/2015/08/22/宅在家怎么靠手机App过得滋润？18天没出门，我们带来这份指南_智能_好奇心日报-唐云路.md	missing_link
__ERROR__	/Users/logoutx/Library/CloudStorage/GoogleDrive-jethorg@gmail.com/My Drive/Projects/qdaily_full_backup/source/2015/09/05/「HackYourLife」少年醒醒，开学了！我们给你24个应用打鸡血！_智能_好奇心日报-钟舒婷赵长存崔绮雯.md	missing_link
__ERROR__	/Users/logoutx/Library/CloudStorage/GoogleDrive-jethorg@gmail.com/My Drive/Projects/qdaily_full_backup/source/2015/09/19/「HackYourLife」求职季，我们找了23个工具帮你卖自己_智能_好奇心日报-赵长存崔绮雯钟舒婷.md	missing_link
__ERROR__	/Users/logoutx/Library/CloudStorage/GoogleDrive-jethorg@gmail.com/My Drive/Projects/qdaily_full_backup/source/2015/09/26/为什么有这个专辑，以及，知乎创始人周源最近在看的3本书_文化_好奇心日报-好奇心日报&周源.md	missing_link
__ERROR__	/Users/logoutx/Library/CloudStorage/GoogleDrive-jethorg@gmail.com/My Drive/Projects/qdaily_full_backup/source/2015/09/27/果壳创始人姬十三最近在看的10本书_文化_好奇心日报-姬十三.md	missing_link
__ERROR__	/Users/logoutx/Library/CloudStorage/GoogleDrive-jethorg@gmail.com/My Drive/Projects/qdaily_full_backup/source/2015/09/28/大象公会创始人黄章晋最近在看的6本书_文化_好奇心日报-黄章晋.md	missing_link
__ERROR__	/Users/logoutx/Library/CloudStorage/GoogleDrive-jethorg@gmail.com/My Drive/Projects/qdaily_full_backup/source/2015/09/29/微信公众号“世相”创办者张伟最近在看的10本书_文化_好奇心日报-张伟.md	missing_link
__ERROR__	/Users/logoutx/Library/CloudStorage/GoogleDrive-jethorg@gmail.com/My Drive/Projects/qdaily_full_backup/source/2015/09/30/微信公众号“40秒”创办者黄沙最近在看的5本书_文化_好奇心日报-黄沙.md	missing_link
__ERROR__	/Users/logoutx/Library/CloudStorage/GoogleDrive-jethorg@gmail.com/My Drive/Projects/qdaily_full_backup/source/2015/10/01/微信公众号“乌云装扮者”创办人最近在看的5本书_文化_好奇心日报-DACLODS.md	missing_link
__ERROR__	/Users/logoutx/Library/CloudStorage/GoogleDrive-jethorg@gmail.com/My Drive/Projects/qdaily_full_backup/source/2015/10/02/畅销书作家刘同最近在看的9本书_文化_好奇心日报-刘同.md	missing_link
__ERROR__	/Users/logoutx/Library/CloudStorage/GoogleDrive-jethorg@gmail.com/My Drive/Projects/qdaily_full_backup/source/2015/10/03/微信公众号“深夜发媸”执笔人徐妍最近在看的6本书_文化_好奇心日报-徐妍.md	missing_link
__ERROR__	/Users/logoutx/Library/CloudStorage/GoogleDrive-jethorg@gmail.com/My Drive/Projects/qdaily_full_backup/source/2015/10/04/微信公众号“利维坦”创办者吴淼最近在看的5本书_文化_好奇心日报-吴淼.md	missing_link
__ERROR__	/Users/logoutx/Library/CloudStorage/GoogleDrive-jethorg@gmail.com/My Drive/Projects/qdaily_full_backup/source/2015/10/05/微信公众号“小道消息”创办者冯大辉最近在看的5本书_文化_好奇心日报-Fenng.md	missing_link
__ERROR__	/Users/logoutx/Library/CloudStorage/GoogleDrive-jethorg@gmail.com/My Drive/Projects/qdaily_full_backup/source/2015/10/06/编剧鹦鹉史航最近在看的5本书_文化_好奇心日报-鹦鹉史航.md	missing_link
__ERROR__	/Users/logoutx/Library/CloudStorage/GoogleDrive-jethorg@gmail.com/My Drive/Projects/qdaily_full_backup/source/2015/10/07/「IT公论」创始人李如一近期看过的6本书_文化_好奇心日报-不鸟万如一.md	missing_link
__ERROR__	/Users/logoutx/Library/CloudStorage/GoogleDrive-jethorg@gmail.com/My Drive/Projects/qdaily_full_backup/source/2015/10/11/放假还没缓过来？用这20个应用，治好你的“假期后综合征”_智能_好奇心日报-周韶宏.md	missing_link
__ERROR__	/Users/logoutx/Library/CloudStorage/GoogleDrive-jethorg@gmail.com/My Drive/Projects/qdaily_full_backup/source/2015/10/18/连上下班途中都利用好的人，运气不会太差，拿好这17个应用_智能_好奇心日报-崔绮雯赖江锟李硕明.md	missing_link
__ERROR__	/Users/logoutx/Library/CloudStorage/GoogleDrive-jethorg@gmail.com/My Drive/Projects/qdaily_full_backup/source/2015/10/25/这里有10部电影，收纳了纽约的美好与黑暗|电影与城市_娱乐_好奇心日报-黄小米.md	missing_link
__ERROR__	/Users/logoutx/Library/CloudStorage/GoogleDrive-jethorg@gmail.com/My Drive/Projects/qdaily_full_backup/source/2015/10/30/万圣节没朋友指南，用这21个技巧让胆小鬼们颤抖吧|HackYourLife_智能_好奇心日报-钟舒婷崔绮雯唐怡园赖江琨李硕明赵长存.md	missing_link
__ERROR__	/Users/logoutx/Library/CloudStorage/GoogleDrive-jethorg@gmail.com/My Drive/Projects/qdaily_full_backup/source/2015/11/01/除了《神探夏洛克》，这6部电影里的伦敦也同样神秘而有趣|电影与城市_娱乐_好奇心日报-谢佳锦.md	missing_link
__ERROR__	/Users/logoutx/Library/CloudStorage/GoogleDrive-jethorg@gmail.com/My Drive/Projects/qdaily_full_backup/source/2015/11/08/上海的浮华与市井，融在了这10部电影里|电影与城市_娱乐_好奇心日报-LOOK.md	missing_link
__ERROR__	/Users/logoutx/Library/CloudStorage/GoogleDrive-jethorg@gmail.com/My Drive/Projects/qdaily_full_backup/source/2015/11/08/除了猫狗的促销，购物节你还可以用这25个应用和社区买得更有质量|HackYourLife_智能_好奇心日报-唐云路崔绮雯黄俊杰.md	missing_link
__ERROR__	/Users/logoutx/Library/CloudStorage/GoogleDrive-jethorg@gmail.com/My Drive/Projects/qdaily_full_backup/source/2015/11/14/战胜拖延症终极工具指南，我们带来这27个应用|HackYourLife_智能_好奇心日报-唐云路崔绮雯赵长存钟舒婷李硕明.md	missing_link
__ERROR__	/Users/logoutx/Library/CloudStorage/GoogleDrive-jethorg@gmail.com/My Drive/Projects/qdaily_full_backup/source/2015/11/22/这10部电影里，有你迷恋（过）的那个香港|电影与城市_娱乐_好奇心日报-韩梦想.md	missing_link
__ERROR__	/Users/logoutx/Library/CloudStorage/GoogleDrive-jethorg@gmail.com/My Drive/Projects/qdaily_full_backup/source/2015/11/28/这9部电影里，你喜欢的是哪一个芝加哥？|电影与城市_娱乐_好奇心日报-于昌民.md	missing_link
__ERROR__	/Users/logoutx/Library/CloudStorage/GoogleDrive-jethorg@gmail.com/My Drive/Projects/qdaily_full_backup/source/2015/11/29/嫌手机游戏都太简单，这23个游戏帮你活跃脑细胞|HackYourLife_智能_好奇心日报-王杰夫崔绮雯.md	missing_link
__ERROR__	/Users/logoutx/Library/CloudStorage/GoogleDrive-jethorg@gmail.com/My Drive/Projects/qdaily_full_backup/source/2015/12/05/我们分析了今年贺岁档的27部影片，这里是一份观影指南_娱乐_好奇心日报-王珊珊韩方航.md	missing_link
__ERROR__	/Users/logoutx/Library/CloudStorage/GoogleDrive-jethorg@gmail.com/My Drive/Projects/qdaily_full_backup/source/2015/12/08/如果知乎是一个国家，它的居民是这样生活的｜好奇心人类学_商业_好奇心日报-邓若虚马宁忆.md	missing_link
__ERROR__	/Users/logoutx/Library/CloudStorage/GoogleDrive-jethorg@gmail.com/My Drive/Projects/qdaily_full_backup/source/2015/12/19/圣诞节不管有没有人约，这20个应用都能帮你充实度过|HackYourLife_智能_好奇心日报-唐云路崔绮雯，钟舒婷，周韶宏，怡园，王民超，徐弢.md	missing_link
__ERROR__	/Users/logoutx/Library/CloudStorage/GoogleDrive-jethorg@gmail.com/My Drive/Projects/qdaily_full_backup/source/2015/12/20/跟着10部电影迷失在东京，没有比这更快乐的事|电影与城市_娱乐_好奇心日报-阿树.md	missing_link
__ERROR__	/Users/logoutx/Library/CloudStorage/GoogleDrive-jethorg@gmail.com/My Drive/Projects/qdaily_full_backup/source/2015/12/24/如果豆瓣是一个国家，它的国民都是什么样的人？｜好奇心人类学_商业_好奇心日报-邓若虚马宁忆.md	missing_link
__ERROR__	/Users/logoutx/Library/CloudStorage/GoogleDrive-jethorg@gmail.com/My Drive/Projects/qdaily_full_backup/source/2015/12/26/看那些过去的镜头，你能找到记忆里哪一个北京？|电影与城市_娱乐_好奇心日报-开寅.md	missing_link
__ERROR__	/Users/logoutx/Library/CloudStorage/GoogleDrive-jethorg@gmail.com/My Drive/Projects/qdaily_full_backup/source/2015/12/27/别只盯着地铁广告上的海淘App，在这22个网站海淘可以更省钱|HackYourLife_智能_好奇心日报-龚方毅.md	missing_link
__ERROR__	/Users/logoutx/Library/CloudStorage/GoogleDrive-jethorg@gmail.com/My Drive/Projects/qdaily_full_backup/source/2015/12/30/这个设计了不起12月30日_设计_好奇心日报-.md	missing_link
__ERROR__	/Users/logoutx/Library/CloudStorage/GoogleDrive-jethorg@gmail.com/My Drive/Projects/qdaily_full_backup/source/2016/01/01/关于商业，不管怎样我们都应保持谦逊|好奇心年度图书_商业_好奇心日报-好奇心日报.md	missing_link
__ERROR__	/Users/logoutx/Library/CloudStorage/GoogleDrive-jethorg@gmail.com/My Drive/Projects/qdaily_full_backup/source/2016/01/02/关于生活，我们有一些不一样的话要讲|好奇心年度图书_设计_好奇心日报-好奇心日报.md	missing_link
__ERROR__	/Users/logoutx/Library/CloudStorage/GoogleDrive-jethorg@gmail.com/My Drive/Projects/qdaily_full_backup/source/2016/01/03/关于人类，乐观和悲观总是交替而来|好奇心年度图书_文化_好奇心日报-好奇心日报.md	missing_link
__ERROR__	/Users/logoutx/Library/CloudStorage/GoogleDrive-jethorg@gmail.com/My Drive/Projects/qdaily_full_backup/source/2016/01/03/关于科技，你得了解一些过去发生的事情|好奇心年度图书_智能_好奇心日报-好奇心日报.md	missing_link
__ERROR__	/Users/logoutx/Library/CloudStorage/GoogleDrive-jethorg@gmail.com/My Drive/Projects/qdaily_full_backup/source/2016/01/03/武汉影像里的过客、往昔和江城|电影与城市_娱乐_好奇心日报-王昕.md	missing_link
__ERROR__	/Users/logoutx/Library/CloudStorage/GoogleDrive-jethorg@gmail.com/My Drive/Projects/qdaily_full_backup/source/2016/01/09/关于北海道的画面，特别适合冬天|电影与城市_娱乐_好奇心日报-谢佳锦.md	missing_link
__ERROR__	/Users/logoutx/Library/CloudStorage/GoogleDrive-jethorg@gmail.com/My Drive/Projects/qdaily_full_backup/source/2016/01/17/太多电影，都在诉说柏林这个沉重的地方|电影与城市_娱乐_好奇心日报-柏拉不图.md	missing_link
__ERROR__	/Users/logoutx/Library/CloudStorage/GoogleDrive-jethorg@gmail.com/My Drive/Projects/qdaily_full_backup/source/2016/01/23/这些影像，讲述深藏于哈尔滨冰雪之下的秘密|电影与城市_娱乐_好奇心日报-赛人.md	missing_link
__ERROR__	/Users/logoutx/Library/CloudStorage/GoogleDrive-jethorg@gmail.com/My Drive/Projects/qdaily_full_backup/source/2016/01/24/截屏之后怎么玩？这里有16个应用可以让它们说话|HackYourLife_智能_好奇心日报-赵长存.md	missing_link
__ERROR__	/Users/logoutx/Library/CloudStorage/GoogleDrive-jethorg@gmail.com/My Drive/Projects/qdaily_full_backup/source/2016/01/26/要找互联网上那个蛮荒时代，还是要看当年的天涯｜好奇心人类学_商业_好奇心日报-邓若虚.md	missing_link
__ERROR__	/Users/logoutx/Library/CloudStorage/GoogleDrive-jethorg@gmail.com/My Drive/Projects/qdaily_full_backup/source/2016/01/30/重庆，那一片雾锁山绕之处｜电影与城市_娱乐_好奇心日报-赛人.md	missing_link
__ERROR__	/Users/logoutx/Library/CloudStorage/GoogleDrive-jethorg@gmail.com/My Drive/Projects/qdaily_full_backup/source/2016/02/07/如果没经历这些技术，电影怎么会是我们现在看到的样貌？|好奇心商业史_商业_好奇心日报-好奇心日报.md	missing_link
__ERROR__	/Users/logoutx/Library/CloudStorage/GoogleDrive-jethorg@gmail.com/My Drive/Projects/qdaily_full_backup/source/2016/02/07/累了一年，除夕可以打开这8个小游戏|春节打败无聊_智能_好奇心日报-崔绮雯.md	missing_link
__ERROR__	/Users/logoutx/Library/CloudStorage/GoogleDrive-jethorg@gmail.com/My Drive/Projects/qdaily_full_backup/source/2016/02/07/聚会低头，那看的得是这九个一家人都能用的App|春节打败无聊_智能_好奇心日报-周韶宏.md	missing_link
__ERROR__	/Users/logoutx/Library/CloudStorage/GoogleDrive-jethorg@gmail.com/My Drive/Projects/qdaily_full_backup/source/2016/02/07/跟随这8部电影，感受伊比利亚半岛的风情｜电影与城市_娱乐_好奇心日报-独孤岛主.md	missing_link
__ERROR__	/Users/logoutx/Library/CloudStorage/GoogleDrive-jethorg@gmail.com/My Drive/Projects/qdaily_full_backup/source/2016/02/08/70年算不得久，但你能想象当时计算机有这些事吗｜好奇心商业史_商业_好奇心日报-好奇心日报.md	missing_link
__ERROR__	/Users/logoutx/Library/CloudStorage/GoogleDrive-jethorg@gmail.com/My Drive/Projects/qdaily_full_backup/source/2016/02/08/走亲访友豁不出去，这6个应用可以让你轻松点|春节打败无聊_智能_好奇心日报-赵长存.md	missing_link
__ERROR__	/Users/logoutx/Library/CloudStorage/GoogleDrive-jethorg@gmail.com/My Drive/Projects/qdaily_full_backup/source/2016/02/09/在手机上能玩的经典游戏，这5个靠谱|春节打败无聊_游戏_好奇心日报-赵长存.md	missing_link
__ERROR__	/Users/logoutx/Library/CloudStorage/GoogleDrive-jethorg@gmail.com/My Drive/Projects/qdaily_full_backup/source/2016/02/09/新年用这5个应用和熊孩子们和解吧！|春节打败无聊_智能_好奇心日报-钟舒婷.md	missing_link
__ERROR__	/Users/logoutx/Library/CloudStorage/GoogleDrive-jethorg@gmail.com/My Drive/Projects/qdaily_full_backup/source/2016/02/09/过去100年，我们对百货业的期望发生了怎样的变化？｜好奇心商业史_商业_好奇心日报-好奇心日报.md	missing_link
__ERROR__	/Users/logoutx/Library/CloudStorage/GoogleDrive-jethorg@gmail.com/My Drive/Projects/qdaily_full_backup/source/2016/02/10/70年时间，离开地球这件事如何从战争走向商业？｜好奇心商业史_商业_好奇心日报-好奇心日报.md	missing_link
__ERROR__	/Users/logoutx/Library/CloudStorage/GoogleDrive-jethorg@gmail.com/My Drive/Projects/qdaily_full_backup/source/2016/02/10/假期不想睡？不如玩这5个惊悚游戏|春节打败无聊_智能_好奇心日报-周韶宏.md	missing_link
__ERROR__	/Users/logoutx/Library/CloudStorage/GoogleDrive-jethorg@gmail.com/My Drive/Projects/qdaily_full_backup/source/2016/02/10/朋友聚会不冷场，有这9个应用就够了|春节打败无聊_智能_好奇心日报-唐云路.md	missing_link
__ERROR__	/Users/logoutx/Library/CloudStorage/GoogleDrive-jethorg@gmail.com/My Drive/Projects/qdaily_full_backup/source/2016/02/10/这是3个极其无聊的游戏，但你能在当中找到乐趣|春节打败无聊_游戏_好奇心日报-黄俊杰.md	missing_link
__ERROR__	/Users/logoutx/Library/CloudStorage/GoogleDrive-jethorg@gmail.com/My Drive/Projects/qdaily_full_backup/source/2016/02/11/从妖术到生活，这里是相机和影像走过的190年|好奇心商业史_商业_好奇心日报-好奇心日报.md	missing_link
__ERROR__	/Users/logoutx/Library/CloudStorage/GoogleDrive-jethorg@gmail.com/My Drive/Projects/qdaily_full_backup/source/2016/02/11/用这8个解谜游戏锻炼你的脑洞和眼力|春节打败无聊_游戏_好奇心日报-徐弢.md	missing_link
__ERROR__	/Users/logoutx/Library/CloudStorage/GoogleDrive-jethorg@gmail.com/My Drive/Projects/qdaily_full_backup/source/2016/02/11/给爸妈的手机升级，你需要这9个应用|春节打败无聊_智能_好奇心日报-唐云路.md	missing_link
__ERROR__	/Users/logoutx/Library/CloudStorage/GoogleDrive-jethorg@gmail.com/My Drive/Projects/qdaily_full_backup/source/2016/02/12/做点规划就不会有假期综合征了，这5个应用送你|春节打败无聊_智能_好奇心日报-崔绮雯.md	missing_link
__ERROR__	/Users/logoutx/Library/CloudStorage/GoogleDrive-jethorg@gmail.com/My Drive/Projects/qdaily_full_backup/source/2016/02/12/离你生活最近的家电，在这100年间都发生过什么变化？｜好奇心商业史_商业_好奇心日报-好奇心日报.md	missing_link
__ERROR__	/Users/logoutx/Library/CloudStorage/GoogleDrive-jethorg@gmail.com/My Drive/Projects/qdaily_full_backup/source/2016/02/13/听说你不想上班？这8个应用能缓解懒癌｜春节打败无聊_智能_好奇心日报-唐怡园.md	missing_link
__ERROR__	/Users/logoutx/Library/CloudStorage/GoogleDrive-jethorg@gmail.com/My Drive/Projects/qdaily_full_backup/source/2016/02/13/汽车的历史，我们从1888年的特斯拉电动车开始谈起｜好奇心商业史_商业_好奇心日报-好奇心日报.md	missing_link
__ERROR__	/Users/logoutx/Library/CloudStorage/GoogleDrive-jethorg@gmail.com/My Drive/Projects/qdaily_full_backup/source/2016/02/13/萌是第一生产力，这7个游戏来陪你|春节打败无聊_智能_好奇心日报-唐云路.md	missing_link
__ERROR__	/Users/logoutx/Library/CloudStorage/GoogleDrive-jethorg@gmail.com/My Drive/Projects/qdaily_full_backup/source/2016/02/13/闲了好些天？这4个游戏值得你动脑挑战|春节打败无聊_游戏_好奇心日报-黄俊杰.md	missing_link
__ERROR__	/Users/logoutx/Library/CloudStorage/GoogleDrive-jethorg@gmail.com/My Drive/Projects/qdaily_full_backup/source/2016/02/21/“全能”的印象笔记遇到了问题，你可以考虑这20个替代品_智能_好奇心日报-崔绮雯赵长存唐云路周韶宏徐弢钟舒婷.md	missing_link
__ERROR__	/Users/logoutx/Library/CloudStorage/GoogleDrive-jethorg@gmail.com/My Drive/Projects/qdaily_full_backup/source/2016/02/21/这10部电影中，巴黎不只是浪漫之都｜电影与城市_娱乐_好奇心日报-开寅.md	missing_link
__ERROR__	/Users/logoutx/Library/CloudStorage/GoogleDrive-jethorg@gmail.com/My Drive/Projects/qdaily_full_backup/source/2016/02/22/B站里的人和他们眼中的世界｜好奇心人类学_商业_好奇心日报-钟舒婷唐舒畅马宁忆.md	missing_link
__ERROR__	/Users/logoutx/Library/CloudStorage/GoogleDrive-jethorg@gmail.com/My Drive/Projects/qdaily_full_backup/source/2016/02/28/这些影像为你揭开埃及的神秘面纱｜电影与城市_娱乐_好奇心日报-鬼脚七.md	missing_link
__ERROR__	/Users/logoutx/Library/CloudStorage/GoogleDrive-jethorg@gmail.com/My Drive/Projects/qdaily_full_backup/source/2016/03/05/5部电影，看孟买的过去和现在｜电影与城市_娱乐_好奇心日报-鬼脚七.md	missing_link
__ERROR__	/Users/logoutx/Library/CloudStorage/GoogleDrive-jethorg@gmail.com/My Drive/Projects/qdaily_full_backup/source/2016/03/06/女生节到了，这里有28个应用想让你，或者你的另一半更美_智能_好奇心日报-唐云路崔绮雯.md	missing_link
__ERROR__	/Users/logoutx/Library/CloudStorage/GoogleDrive-jethorg@gmail.com/My Drive/Projects/qdaily_full_backup/source/2016/03/12/威尼斯，“人人都说我爱你”｜电影与城市_娱乐_好奇心日报-鬼脚七.md	missing_link
__ERROR__	/Users/logoutx/Library/CloudStorage/GoogleDrive-jethorg@gmail.com/My Drive/Projects/qdaily_full_backup/source/2016/03/20/德克萨斯，牛仔的故事比想象中精彩｜电影与城市_娱乐_好奇心日报-大壮.md	missing_link
__ERROR__	/Users/logoutx/Library/CloudStorage/GoogleDrive-jethorg@gmail.com/My Drive/Projects/qdaily_full_backup/source/2016/04/02/了解苹果40年的方方面面，我们推荐这11本书_智能_好奇心日报-崔绮雯唐云路.md	missing_link
__ERROR__	/Users/logoutx/Library/CloudStorage/GoogleDrive-jethorg@gmail.com/My Drive/Projects/qdaily_full_backup/source/2016/04/02/关于苹果和它的创始人，这10部电影值得一看_商业_好奇心日报-陈心怡韩方航.md	missing_link
__ERROR__	/Users/logoutx/Library/CloudStorage/GoogleDrive-jethorg@gmail.com/My Drive/Projects/qdaily_full_backup/source/2016/04/03/春天别宅了，这19个应用你可能用得上_智能_好奇心日报-钟舒婷徐弢.md	missing_link
__ERROR__	/Users/logoutx/Library/CloudStorage/GoogleDrive-jethorg@gmail.com/My Drive/Projects/qdaily_full_backup/source/2016/04/10/安全不一定是随身带一堆防身工具，这14个应用能给你一些帮助_智能_好奇心日报-朱若淼谢若含赵长存.md	missing_link
__ERROR__	/Users/logoutx/Library/CloudStorage/GoogleDrive-jethorg@gmail.com/My Drive/Projects/qdaily_full_backup/source/2016/04/24/让你内心世界很丰富的13个表情应用.gif_智能_好奇心日报-徐弢.md	missing_link
__ERROR__	/Users/logoutx/Library/CloudStorage/GoogleDrive-jethorg@gmail.com/My Drive/Projects/qdaily_full_backup/source/2016/04/25/精酿啤酒包装_设计_好奇心日报-沈非.md	missing_link
__ERROR__	/Users/logoutx/Library/CloudStorage/GoogleDrive-jethorg@gmail.com/My Drive/Projects/qdaily_full_backup/source/2016/05/08/把健身变成习惯，我们测试了这25个应用|HackYourLife_智能_好奇心日报-唐云路朱若淼崔绮雯.md	missing_link
__ERROR__	/Users/logoutx/Library/CloudStorage/GoogleDrive-jethorg@gmail.com/My Drive/Projects/qdaily_full_backup/source/2016/05/15/远行前最后一分钟，还有这17个应用要装好再走|HackYourLife_智能_好奇心日报-崔绮雯马若飞朱若淼.md	missing_link
__ERROR__	/Users/logoutx/Library/CloudStorage/GoogleDrive-jethorg@gmail.com/My Drive/Projects/qdaily_full_backup/source/2016/05/29/用这16个应用，完成年中的断舍离修行_智能_好奇心日报-唐云路徐弢周韶宏.md	missing_link
__ERROR__	/Users/logoutx/Library/CloudStorage/GoogleDrive-jethorg@gmail.com/My Drive/Projects/qdaily_full_backup/source/2016/06/04/百度贴吧：人们为什么寻找组织，又为什么离开它？_文化_好奇心日报-马宁忆曾梦龙.md	missing_link
__ERROR__	/Users/logoutx/Library/CloudStorage/GoogleDrive-jethorg@gmail.com/My Drive/Projects/qdaily_full_backup/source/2016/06/09/考完高考，欢迎收下这份大礼包|HackYourLife_智能_好奇心日报-谢若含朱若淼马若飞.md	missing_link
__ERROR__	/Users/logoutx/Library/CloudStorage/GoogleDrive-jethorg@gmail.com/My Drive/Projects/qdaily_full_backup/source/2016/06/11/为什么有些图像我们会铭记在心，有些就比较容易忘掉？_设计_好奇心日报-StuartFranklinandNigelWarburton.md	missing_link
__ERROR__	/Users/logoutx/Library/CloudStorage/GoogleDrive-jethorg@gmail.com/My Drive/Projects/qdaily_full_backup/source/2016/06/28/这个设计了不起6月28日_设计_好奇心日报-.md	missing_link
__ERROR__	/Users/logoutx/Library/CloudStorage/GoogleDrive-jethorg@gmail.com/My Drive/Projects/qdaily_full_backup/source/2016/07/16/「好奇心日报大调查」大学生们，你们都在焦虑什么？_商业_好奇心日报-温欣语谢若含龚鉴陈心怡朱若淼曾梦龙石玉.md	missing_link
__ERROR__	/Users/logoutx/Library/CloudStorage/GoogleDrive-jethorg@gmail.com/My Drive/Projects/qdaily_full_backup/source/2016/07/17/他的作品让你会心一笑，生活的魅力莫过如此_设计_好奇心日报-廖婷.md	missing_link
__ERROR__	/Users/logoutx/Library/CloudStorage/GoogleDrive-jethorg@gmail.com/My Drive/Projects/qdaily_full_backup/source/2016/07/17/拿起手机拍自己，我们筛出了这21个应用和工具帮你拍得更好|HackYourLife_智能_好奇心日报-周韶宏唐云路谢若含.md	missing_link
__ERROR__	/Users/logoutx/Library/CloudStorage/GoogleDrive-jethorg@gmail.com/My Drive/Projects/qdaily_full_backup/source/2016/07/31/低成本体验虚拟现实，我们测试了这15个应用|HackYourLife_智能_好奇心日报-崔绮雯周韶宏.md	missing_link
__ERROR__	/Users/logoutx/Library/CloudStorage/GoogleDrive-jethorg@gmail.com/My Drive/Projects/qdaily_full_backup/source/2016/08/03/说唱攻略第二弹，来听听[你不知道的日本]_广告_好奇心日报-.md	missing_link
__ERROR__	/Users/logoutx/Library/CloudStorage/GoogleDrive-jethorg@gmail.com/My Drive/Projects/qdaily_full_backup/source/2016/08/07/除了看电视直播，你可能还有这18个选择跟进奥运会的消息_智能_好奇心日报-马若飞谢若含崔绮雯.md	missing_link
__ERROR__	/Users/logoutx/Library/CloudStorage/GoogleDrive-jethorg@gmail.com/My Drive/Projects/qdaily_full_backup/source/2016/08/13/你还记得你大学里的爱情谈了什么吗？｜好奇心大学生调查之完结篇_文化_好奇心日报-温欣语陈心怡朱若淼曾梦龙龚鉴谢若含.md	missing_link
__ERROR__	/Users/logoutx/Library/CloudStorage/GoogleDrive-jethorg@gmail.com/My Drive/Projects/qdaily_full_backup/source/2016/08/15/说唱攻略第四弹，来听听[你不知道的泰国]_广告_好奇心日报-.md	missing_link
__ERROR__	/Users/logoutx/Library/CloudStorage/GoogleDrive-jethorg@gmail.com/My Drive/Projects/qdaily_full_backup/source/2016/08/21/又到开学的日子了，今年我们也准备了22个应用给元气少年|HackYourLife_智能_好奇心日报-朱若淼谢若含唐云路.md	missing_link
__ERROR__	/Users/logoutx/Library/CloudStorage/GoogleDrive-jethorg@gmail.com/My Drive/Projects/qdaily_full_backup/source/2016/09/03/一大波新手机在路上，旧手机怎么办？用这22种方式改造它|HackYourLife_智能_好奇心日报-张智伟朱若淼崔绮雯.md	missing_link
__ERROR__	/Users/logoutx/Library/CloudStorage/GoogleDrive-jethorg@gmail.com/My Drive/Projects/qdaily_full_backup/source/2016/09/17/《好奇心日报》体验了14个国家的20个Airbnb住处，这里是报告_商业_好奇心日报-徐婧艾.md	missing_link
__ERROR__	/Users/logoutx/Library/CloudStorage/GoogleDrive-jethorg@gmail.com/My Drive/Projects/qdaily_full_backup/source/2016/09/25/长假将至，不管是不是出远门，都可以用这27个应用找点新鲜|HackYourLife_智能_好奇心日报-谢若含马若飞唐云路.md	missing_link
__ERROR__	/Users/logoutx/Library/CloudStorage/GoogleDrive-jethorg@gmail.com/My Drive/Projects/qdaily_full_backup/source/2016/10/23/又冷又霾的冬天来了，我们推荐这10个方法驱散心情阴霾|HackYourLife_智能_好奇心日报-周韶宏朱若淼崔绮雯.md	missing_link
__ERROR__	/Users/logoutx/Library/CloudStorage/GoogleDrive-jethorg@gmail.com/My Drive/Projects/qdaily_full_backup/source/2016/11/09/vivoX9代言人彭于晏：追星逐月，只为“照亮你的美”_广告_好奇心日报-.md	missing_link
__ERROR__	/Users/logoutx/Library/CloudStorage/GoogleDrive-jethorg@gmail.com/My Drive/Projects/qdaily_full_backup/source/2016/11/13/今年还有48天，没完成年度目标的话，我们帮你想了些办法|HackYourLife_智能_好奇心日报-唐云路谢若含周韶宏.md	missing_link
__ERROR__	/Users/logoutx/Library/CloudStorage/GoogleDrive-jethorg@gmail.com/My Drive/Projects/qdaily_full_backup/source/2016/11/22/大选带出的“假新闻”讨论成了美国上周最热门的话题，他们都说什么？_商业_好奇心日报-崔绮雯.md	missing_link
__ERROR__	/Users/logoutx/Library/CloudStorage/GoogleDrive-jethorg@gmail.com/My Drive/Projects/qdaily_full_backup/source/2016/12/03/暴雪25岁了，它依然能做出令人手心发汗的游戏，这是如何做到的？_游戏_好奇心日报-唐舒畅.md	missing_link
__ERROR__	/Users/logoutx/Library/CloudStorage/GoogleDrive-jethorg@gmail.com/My Drive/Projects/qdaily_full_backup/source/2016/12/07/“Airbnb中国”今天成立了，这个平台上的房东们生意做得还好吗？_商业_好奇心日报-温欣语.md	missing_link
__ERROR__	/Users/logoutx/Library/CloudStorage/GoogleDrive-jethorg@gmail.com/My Drive/Projects/qdaily_full_backup/source/2016/12/18/当科技公司决定你每天看什么，如何让眼界不被算法所限制？这里有十个点子|HackYourLife_智能_好奇心日报-朱若淼周韶宏黎方宇.md	missing_link
__ERROR__	/Users/logoutx/Library/CloudStorage/GoogleDrive-jethorg@gmail.com/My Drive/Projects/qdaily_full_backup/source/2016/12/19/好奇心2016年度十大应用，每个应用背后都是一个趋势的体现|好奇心2016年度盘点_智能_好奇心日报-崔绮雯朱若淼唐云路.md	missing_link
__ERROR__	/Users/logoutx/Library/CloudStorage/GoogleDrive-jethorg@gmail.com/My Drive/Projects/qdaily_full_backup/source/2016/12/24/好奇心2016年度硬件评选，这十个产品代表了技术公司对未来的想象_智能_好奇心日报-周韶宏马若飞崔绮雯.md	missing_link
__ERROR__	/Users/logoutx/Library/CloudStorage/GoogleDrive-jethorg@gmail.com/My Drive/Projects/qdaily_full_backup/source/2016/12/25/苏联的最后一个月，25年前都发生了什么_文化_好奇心日报-纽约时报.md	missing_link
__ERROR__	/Users/logoutx/Library/CloudStorage/GoogleDrive-jethorg@gmail.com/My Drive/Projects/qdaily_full_backup/source/2017/01/02/我们需要比以往任何时候更坚持“知识共同体”的存在|好奇心年度图书_文化_好奇心日报-好奇心日报.md	missing_link
__ERROR__	/Users/logoutx/Library/CloudStorage/GoogleDrive-jethorg@gmail.com/My Drive/Projects/qdaily_full_backup/source/2017/01/03/去他的“生活美学”，我们得了解一点生活本身|好奇心年度图书_文化_好奇心日报-好奇心日报.md	missing_link
__ERROR__	/Users/logoutx/Library/CloudStorage/GoogleDrive-jethorg@gmail.com/My Drive/Projects/qdaily_full_backup/source/2017/01/05/我们是如何被商业一路引导着走到今天|好奇心年度图书_商业_好奇心日报-好奇心日报.md	missing_link
__ERROR__	/Users/logoutx/Library/CloudStorage/GoogleDrive-jethorg@gmail.com/My Drive/Projects/qdaily_full_backup/source/2017/01/06/“创新者”，哪怕你不喜欢这个词了，但创新还是很厉害的啊|好奇心年度图书_智能_好奇心日报-好奇心日报.md	missing_link
__ERROR__	/Users/logoutx/Library/CloudStorage/GoogleDrive-jethorg@gmail.com/My Drive/Projects/qdaily_full_backup/source/2017/01/09/iPhone今天十岁了，它是怎么诞生的，又改变了什么？|好奇心商业史_智能_好奇心日报-龚方毅周韶宏.md	missing_link
__ERROR__	/Users/logoutx/Library/CloudStorage/GoogleDrive-jethorg@gmail.com/My Drive/Projects/qdaily_full_backup/source/2017/02/12/情人节除了鲜花和巧克力，来看7种爱的表达法|HackYourLife_智能_好奇心日报-周韶宏唐云路朱若淼黎方宇崔绮雯.md	missing_link
__ERROR__	/Users/logoutx/Library/CloudStorage/GoogleDrive-jethorg@gmail.com/My Drive/Projects/qdaily_full_backup/source/2017/02/26/快90年了，这6件事让你了解全世界最重要的电影奖都经历了什么_娱乐_好奇心日报-周哲浩.md	missing_link
__ERROR__	/Users/logoutx/Library/CloudStorage/GoogleDrive-jethorg@gmail.com/My Drive/Projects/qdaily_full_backup/source/2017/03/05/求职季，刷网站投简历以外，我们还帮你想了这9个办法|HackYourLife_智能_好奇心日报-周韶宏龚方毅徐弢黎方宇.md	missing_link
__ERROR__	/Users/logoutx/Library/CloudStorage/GoogleDrive-jethorg@gmail.com/My Drive/Projects/qdaily_full_backup/source/2017/03/12/1920年代，如何成就了美国的黄金时代？_文化_好奇心日报-吴羚玮.md	missing_link
__ERROR__	/Users/logoutx/Library/CloudStorage/GoogleDrive-jethorg@gmail.com/My Drive/Projects/qdaily_full_backup/source/2017/03/14/盖茨想让机器人交税，还有公司谈起它们的言论自由，这只是想多了么？_智能_好奇心日报-崔绮雯黎方宇.md	missing_link
__ERROR__	/Users/logoutx/Library/CloudStorage/GoogleDrive-jethorg@gmail.com/My Drive/Projects/qdaily_full_backup/source/2017/03/19/日本动画走过100周年，在剧情和画面之外它还创造了什么？_娱乐_好奇心日报-陈心怡.md	missing_link
__ERROR__	/Users/logoutx/Library/CloudStorage/GoogleDrive-jethorg@gmail.com/My Drive/Projects/qdaily_full_backup/source/2017/04/16/借助软件养成新习惯不容易，我们试了上百应用只有这8个坚持超过半年|HackYourLife_智能_好奇心日报-周韶宏谢若含唐云路.md	missing_link
__ERROR__	/Users/logoutx/Library/CloudStorage/GoogleDrive-jethorg@gmail.com/My Drive/Projects/qdaily_full_backup/source/2017/04/27/TED也谈人和机器的冲突，都在谈些什么？|TED2017现场报道_智能_好奇心日报-崔绮雯黄俊杰唐云路黎方宇.md	missing_link
__ERROR__	/Users/logoutx/Library/CloudStorage/GoogleDrive-jethorg@gmail.com/My Drive/Projects/qdaily_full_backup/source/2017/05/14/新政一年过去了，海淘怎么划算？这里有28个值得推荐的服务|HackYourLife_智能_好奇心日报-龚方毅.md	missing_link
__ERROR__	/Users/logoutx/Library/CloudStorage/GoogleDrive-jethorg@gmail.com/My Drive/Projects/qdaily_full_backup/source/2017/05/21/戛纳走过70年，我们给你一份70部电影的片单来回顾它（上）_娱乐_好奇心日报-周哲浩韩方航.md	missing_link
__ERROR__	/Users/logoutx/Library/CloudStorage/GoogleDrive-jethorg@gmail.com/My Drive/Projects/qdaily_full_backup/source/2017/05/21/独乐青年：一个人过得有多好，我怕你不知道_广告_好奇心日报-好奇心x天猫.md	missing_link
__ERROR__	/Users/logoutx/Library/CloudStorage/GoogleDrive-jethorg@gmail.com/My Drive/Projects/qdaily_full_backup/source/2017/05/22/戛纳走过70年，我们给你一份70部电影的片单来回顾它（下）_娱乐_好奇心日报-周哲浩韩方航.md	missing_link
__ERROR__	/Users/logoutx/Library/CloudStorage/GoogleDrive-jethorg@gmail.com/My Drive/Projects/qdaily_full_backup/source/2017/05/24/最厉害的人类围棋选手也被电脑打败了。关于人工智能，这里有38个你可能感兴趣的事实_智能_好奇心日报-龚方毅周韶宏唐云路马若飞.md	missing_link
__ERROR__	/Users/logoutx/Library/CloudStorage/GoogleDrive-jethorg@gmail.com/My Drive/Projects/qdaily_full_backup/source/2017/05/28/那本叫做《大西洋月刊》的杂志，以及它期待看到的美国_文化_好奇心日报-韩方航.md	missing_link
__ERROR__	/Users/logoutx/Library/CloudStorage/GoogleDrive-jethorg@gmail.com/My Drive/Projects/qdaily_full_backup/source/2017/05/29/病毒、泄密一个接一个，用这7个办法保护你的数字生活|HackYourLife_智能_好奇心日报-周韶宏朱若淼.md	missing_link
__ERROR__	/Users/logoutx/Library/CloudStorage/GoogleDrive-jethorg@gmail.com/My Drive/Projects/qdaily_full_backup/source/2017/06/04/每年最重要的那份互联网报告又发布了，我们从300多页PPT里挑了12个趋势_智能_好奇心日报-唐云路.md	missing_link
__ERROR__	/Users/logoutx/Library/CloudStorage/GoogleDrive-jethorg@gmail.com/My Drive/Projects/qdaily_full_backup/source/2017/06/10/摩根大通因为脱欧也要离开伦敦，那里是摩根家族传奇故事开始的地方_商业_好奇心日报-李莉蓉.md	missing_link
__ERROR__	/Users/logoutx/Library/CloudStorage/GoogleDrive-jethorg@gmail.com/My Drive/Projects/qdaily_full_backup/source/2017/06/12/摩根家族的传奇故事基本上止于二代，之后摩根变成了一个公众公司_商业_好奇心日报-李莉蓉.md	missing_link
__ERROR__	/Users/logoutx/Library/CloudStorage/GoogleDrive-jethorg@gmail.com/My Drive/Projects/qdaily_full_backup/source/2017/06/17/人人心中都有一个最佳电影榜单，这是《纽约时报》眼中的本世纪Top25_娱乐_好奇心日报-ManohlaDargisandA.O.Scott.md	missing_link
__ERROR__	/Users/logoutx/Library/CloudStorage/GoogleDrive-jethorg@gmail.com/My Drive/Projects/qdaily_full_backup/source/2017/06/22/号称扫码就走的共享汽车到底有没有那么方便？我们体验了北京的五家服务|好奇心实验室_智能_好奇心日报-马若飞.md	missing_link
__ERROR__	/Users/logoutx/Library/CloudStorage/GoogleDrive-jethorg@gmail.com/My Drive/Projects/qdaily_full_backup/source/2017/06/23/做一个中国互联网公司，你要了解的更多关于牌照的事_智能_好奇心日报-龚方毅崔绮雯.md	missing_link
__ERROR__	/Users/logoutx/Library/CloudStorage/GoogleDrive-jethorg@gmail.com/My Drive/Projects/qdaily_full_backup/source/2017/06/25/睡眠这么重要，这里有12个方法和应用帮你更好地度过它|HackYourLife_智能_好奇心日报-周韶宏谢若含张智伟唐云路.md	missing_link
__ERROR__	/Users/logoutx/Library/CloudStorage/GoogleDrive-jethorg@gmail.com/My Drive/Projects/qdaily_full_backup/source/2017/07/01/《哈利·波特》系列延续了20年，这魔咒的生命力到底来自于何处？_娱乐_好奇心日报-顾天鹂韩方航.md	missing_link
__ERROR__	/Users/logoutx/Library/CloudStorage/GoogleDrive-jethorg@gmail.com/My Drive/Projects/qdaily_full_backup/source/2017/07/09/飞机晚点成了家常便饭，这21个办法和应用能让你不那么糟心|HackYourLife_智能_好奇心日报-龚方毅马若飞.md	missing_link
__ERROR__	/Users/logoutx/Library/CloudStorage/GoogleDrive-jethorg@gmail.com/My Drive/Projects/qdaily_full_backup/source/2017/07/10/从技术发明到变成宜居城市指标，自行车在200年里都经历了什么？_设计_好奇心日报-胡莹.md	missing_link
__ERROR__	/Users/logoutx/Library/CloudStorage/GoogleDrive-jethorg@gmail.com/My Drive/Projects/qdaily_full_backup/source/2017/07/19/欧洲8年干掉燃油车的激进计划像是来真的，这里是它可能影响的方方面面_智能_好奇心日报-龚方毅马若飞.md	missing_link
__ERROR__	/Users/logoutx/Library/CloudStorage/GoogleDrive-jethorg@gmail.com/My Drive/Projects/qdaily_full_backup/source/2017/07/30/小程序上线半年，值得一用的有哪些？挑20个也挺难的|HackYourLife_智能_好奇心日报-罗骢周韶宏唐云路崔绮雯.md	missing_link
__ERROR__	/Users/logoutx/Library/CloudStorage/GoogleDrive-jethorg@gmail.com/My Drive/Projects/qdaily_full_backup/source/2017/08/08/涨涨跌跌、现在又分了家，比特币现在成了什么样子？这24个问题帮你了解_智能_好奇心日报-罗骢龚方毅.md	missing_link
__ERROR__	/Users/logoutx/Library/CloudStorage/GoogleDrive-jethorg@gmail.com/My Drive/Projects/qdaily_full_backup/source/2017/08/13/互联网服务正默默把你的喜好广播到社交圈子，这6个办法可以避免尴尬|HackYourLife_智能_好奇心日报-谢若含徐弢.md	missing_link
__ERROR__	/Users/logoutx/Library/CloudStorage/GoogleDrive-jethorg@gmail.com/My Drive/Projects/qdaily_full_backup/source/2017/08/14/当文身不再是异端，一个人的身体可以用来表达什么？这是他们的故事（上）_文化_好奇心日报-晏文静.md	missing_link
__ERROR__	/Users/logoutx/Library/CloudStorage/GoogleDrive-jethorg@gmail.com/My Drive/Projects/qdaily_full_backup/source/2017/08/15/当文身不再是异端，一个人的身体可以用来表达什么？这是他们的故事（下）_文化_好奇心日报-晏文静.md	missing_link
__ERROR__	/Users/logoutx/Library/CloudStorage/GoogleDrive-jethorg@gmail.com/My Drive/Projects/qdaily_full_backup/source/2017/08/26/七夕还有两天就到，你什么都还没准备？这里有9个办法救急|HackYourLife_智能_好奇心日报-谢若含杨宽徐弢.md	missing_link
__ERROR__	/Users/logoutx/Library/CloudStorage/GoogleDrive-jethorg@gmail.com/My Drive/Projects/qdaily_full_backup/source/2017/08/29/为何我们不能用基因技术制造“完美婴儿”？来了解CRISPR技术的能力与禁忌_智能_好奇心日报-黎方宇罗骢.md	missing_link
__ERROR__	/Users/logoutx/Library/CloudStorage/GoogleDrive-jethorg@gmail.com/My Drive/Projects/qdaily_full_backup/source/2017/09/03/你对Cosplay的理解，是耽于幻想的服装秀，还是一种更深的迷恋？_娱乐_好奇心日报-陈心怡.md	missing_link
__ERROR__	/Users/logoutx/Library/CloudStorage/GoogleDrive-jethorg@gmail.com/My Drive/Projects/qdaily_full_backup/source/2017/09/10/马拉松成为新的流行，这里有9个跑步指南帮你更好出发|HackYourLife_智能_好奇心日报-罗骢谢若含.md	missing_link
__ERROR__	/Users/logoutx/Library/CloudStorage/GoogleDrive-jethorg@gmail.com/My Drive/Projects/qdaily_full_backup/source/2017/09/17/10个词，帮你了解美国50年前那个“除了爱就没别的了”的夏天（一）_文化_好奇心日报-徐雪晴.md	missing_link
__ERROR__	/Users/logoutx/Library/CloudStorage/GoogleDrive-jethorg@gmail.com/My Drive/Projects/qdaily_full_backup/source/2017/09/18/10个词，帮你了解美国50年前那个“除了爱就没别的了”的夏天（二）_文化_好奇心日报-徐雪晴.md	missing_link
__ERROR__	/Users/logoutx/Library/CloudStorage/GoogleDrive-jethorg@gmail.com/My Drive/Projects/qdaily_full_backup/source/2017/10/01/关于北京“老城复兴”的7个问题，以及“房间里的大象”_设计_好奇心日报-刘璐天.md	missing_link
__ERROR__	/Users/logoutx/Library/CloudStorage/GoogleDrive-jethorg@gmail.com/My Drive/Projects/qdaily_full_backup/source/2017/10/04/又一本杂志取消印刷版，这一次话剧、电影、摇滚、新闻业和纽约都感到可惜_文化_好奇心日报-徐佳辰.md	missing_link
__ERROR__	/Users/logoutx/Library/CloudStorage/GoogleDrive-jethorg@gmail.com/My Drive/Projects/qdaily_full_backup/source/2017/10/08/假如末日降临，你可以提前准备点什么？|HackYourLife_智能_好奇心日报-徐弢周韶宏杨宽罗骢.md	missing_link
__ERROR__	/Users/logoutx/Library/CloudStorage/GoogleDrive-jethorg@gmail.com/My Drive/Projects/qdaily_full_backup/source/2017/10/16/100本书，20个国家的故事，十几个学者，帮我们了解国家的转型：东欧篇_文化_好奇心日报-苏琦.md	missing_link
__ERROR__	/Users/logoutx/Library/CloudStorage/GoogleDrive-jethorg@gmail.com/My Drive/Projects/qdaily_full_backup/source/2017/10/20/全球时尚消费者五分之一都在中国，那这6个问题值得讨论_时尚_好奇心日报-刘璐天高雅.md	missing_link
__ERROR__	/Users/logoutx/Library/CloudStorage/GoogleDrive-jethorg@gmail.com/My Drive/Projects/qdaily_full_backup/source/2017/10/27/100本书，20个国家的故事，十几个学者，帮我们了解国家的转型：日本篇_文化_好奇心日报-冯玮.md	missing_link
__ERROR__	/Users/logoutx/Library/CloudStorage/GoogleDrive-jethorg@gmail.com/My Drive/Projects/qdaily_full_backup/source/2017/11/05/科技公司最近在炒的AR增强现实到底有什么用？我们试了这50多个应用｜HackYourLife_智能_好奇心日报-徐弢张智伟唐云路.md	missing_link
__ERROR__	/Users/logoutx/Library/CloudStorage/GoogleDrive-jethorg@gmail.com/My Drive/Projects/qdaily_full_backup/source/2017/11/07/十月革命100周年，这些书你值得一看_文化_好奇心日报-好奇心日报.md	missing_link
__ERROR__	/Users/logoutx/Library/CloudStorage/GoogleDrive-jethorg@gmail.com/My Drive/Projects/qdaily_full_backup/source/2017/11/12/100本书，20个国家的故事，十几个学者，帮我们了解国家的转型：南非篇_文化_好奇心日报-曾梦龙.md	missing_link
__ERROR__	/Users/logoutx/Library/CloudStorage/GoogleDrive-jethorg@gmail.com/My Drive/Projects/qdaily_full_backup/source/2017/11/18/双11又买了堆用不着的？我们为什么会有无意义的购物欲，又能怎么对抗它？|HackYourLife_智能_好奇心日报-罗骢谢金萍徐弢.md	missing_link
__ERROR__	/Users/logoutx/Library/CloudStorage/GoogleDrive-jethorg@gmail.com/My Drive/Projects/qdaily_full_backup/source/2017/11/19/100本书，20个国家的故事，十几个学者，帮我们了解国家的转型：菲律宾篇_文化_好奇心日报-吴强.md	missing_link
__ERROR__	/Users/logoutx/Library/CloudStorage/GoogleDrive-jethorg@gmail.com/My Drive/Projects/qdaily_full_backup/source/2017/11/25/健身太难了？帮你避开那些烟雾弹_广告_好奇心日报-.md	missing_link
__ERROR__	/Users/logoutx/Library/CloudStorage/GoogleDrive-jethorg@gmail.com/My Drive/Projects/qdaily_full_backup/source/2017/12/04/关于城市和它的居住者们，我们应该如何思考其中的问题？①_文化_好奇心日报-曾梦龙.md	missing_link
__ERROR__	/Users/logoutx/Library/CloudStorage/GoogleDrive-jethorg@gmail.com/My Drive/Projects/qdaily_full_backup/source/2017/12/08/《时代》杂志做了90年风云人物，当选者和他们的时代背景都是怎样的？_商业_好奇心日报-顾天鹂周哲浩.md	missing_link
__ERROR__	/Users/logoutx/Library/CloudStorage/GoogleDrive-jethorg@gmail.com/My Drive/Projects/qdaily_full_backup/source/2017/12/24/又一年即将过去，有这么35个应用和技巧可以帮你回顾2017|HackYourLife_智能_好奇心日报-周韶宏罗骢杨宽.md	missing_link
__ERROR__	/Users/logoutx/Library/CloudStorage/GoogleDrive-jethorg@gmail.com/My Drive/Projects/qdaily_full_backup/source/2018/01/05/把爱好变成职业，这是一份独立游戏创业指南_游戏_好奇心日报-顾天鹂.md	missing_link
__ERROR__	/Users/logoutx/Library/CloudStorage/GoogleDrive-jethorg@gmail.com/My Drive/Projects/qdaily_full_backup/source/2018/01/06/好奇心2017年度十大应用，每个应用的变化都是一个趋势的体现_智能_好奇心日报-周韶宏黄俊杰马若飞.md	missing_link
__ERROR__	/Users/logoutx/Library/CloudStorage/GoogleDrive-jethorg@gmail.com/My Drive/Projects/qdaily_full_backup/source/2018/01/17/“我们制作东西的态度定义了我们自己”｜2017年度图书推荐⑥_文化_好奇心日报-杨樱陈莉雅.md	missing_link
__ERROR__	/Users/logoutx/Library/CloudStorage/GoogleDrive-jethorg@gmail.com/My Drive/Projects/qdaily_full_backup/source/2018/01/17/盘点过去一年的好创意，这是一份2017年好奇心广告奥斯卡榜单_商业_好奇心日报-宣海伦朱凯麟.md	missing_link
__ERROR__	/Users/logoutx/Library/CloudStorage/GoogleDrive-jethorg@gmail.com/My Drive/Projects/qdaily_full_backup/source/2018/01/18/100本书，20个国家的故事，十几个学者，帮我们了解国家的转型：伊朗篇_文化_好奇心日报-刘波.md	missing_link
__ERROR__	/Users/logoutx/Library/CloudStorage/GoogleDrive-jethorg@gmail.com/My Drive/Projects/qdaily_full_backup/source/2018/01/19/关于小说，5位作家眼中这些作品值得一读|2017年度图书推荐⑦_文化_好奇心日报-好奇心日报.md	missing_link
__ERROR__	/Users/logoutx/Library/CloudStorage/GoogleDrive-jethorg@gmail.com/My Drive/Projects/qdaily_full_backup/source/2018/01/20/有29本小说，是10位学者、评论家和译者的心仪之作|2017年度图书推荐⑧_文化_好奇心日报-好奇心日报.md	missing_link
__ERROR__	/Users/logoutx/Library/CloudStorage/GoogleDrive-jethorg@gmail.com/My Drive/Projects/qdaily_full_backup/source/2018/01/22/外汇管制终止中国巨额海外投资，12个问题帮你理解这是怎么回事|2017商业大新闻⑧_商业_好奇心日报-罗骢龚方毅.md	missing_link
__ERROR__	/Users/logoutx/Library/CloudStorage/GoogleDrive-jethorg@gmail.com/My Drive/Projects/qdaily_full_backup/source/2018/01/28/飞机上可以心安理得用手机了，这里有9个建议帮你更好打发飞行时间｜HackYourLife_智能_好奇心日报-徐弢杨宽.md	missing_link
__ERROR__	/Users/logoutx/Library/CloudStorage/GoogleDrive-jethorg@gmail.com/My Drive/Projects/qdaily_full_backup/source/2018/02/01/看着顺理成章的结论，一般也都不大对|2017年度图书推荐⑨_智能_好奇心日报-好奇心日报.md	missing_link
__ERROR__	/Users/logoutx/Library/CloudStorage/GoogleDrive-jethorg@gmail.com/My Drive/Projects/qdaily_full_backup/source/2018/02/03/你的眼睛比你本人还忙，你知道吗？_广告_好奇心日报-.md	missing_link
__ERROR__	/Users/logoutx/Library/CloudStorage/GoogleDrive-jethorg@gmail.com/My Drive/Projects/qdaily_full_backup/source/2018/02/03/冻龄听起来遥不可及？有的人不费吹灰之力就做到了_广告_好奇心日报-.md	missing_link
__ERROR__	/Users/logoutx/Library/CloudStorage/GoogleDrive-jethorg@gmail.com/My Drive/Projects/qdaily_full_backup/source/2018/02/03/出门旅行像打怪，为什么你连寄张明信片的力气都没了？_广告_好奇心日报-.md	missing_link
__ERROR__	/Users/logoutx/Library/CloudStorage/GoogleDrive-jethorg@gmail.com/My Drive/Projects/qdaily_full_backup/source/2018/02/03/我们来聊聊兰蔻首款“生鲜”概念的安瓶精华_广告_好奇心日报-.md	missing_link
__ERROR__	/Users/logoutx/Library/CloudStorage/GoogleDrive-jethorg@gmail.com/My Drive/Projects/qdaily_full_backup/source/2018/02/03/抓住冬天的尾巴，这一群人不仅“红”了，还红里透着白_广告_好奇心日报-.md	missing_link
__ERROR__	/Users/logoutx/Library/CloudStorage/GoogleDrive-jethorg@gmail.com/My Drive/Projects/qdaily_full_backup/source/2018/02/03/那个让你忘记自己肌肤年龄的小黑瓶，十岁了_广告_好奇心日报-.md	missing_link
__ERROR__	/Users/logoutx/Library/CloudStorage/GoogleDrive-jethorg@gmail.com/My Drive/Projects/qdaily_full_backup/source/2018/02/04/克隆猴让人再次想起弗兰肯斯坦，为何200年前关于人造生命的恐惧能绵延至今？_娱乐_好奇心日报-顾天鹂.md	missing_link
__ERROR__	/Users/logoutx/Library/CloudStorage/GoogleDrive-jethorg@gmail.com/My Drive/Projects/qdaily_full_backup/source/2018/02/07/有一款都市生活是“白”给的，这里有份指南可以看看_广告_好奇心日报-.md	missing_link
__ERROR__	/Users/logoutx/Library/CloudStorage/GoogleDrive-jethorg@gmail.com/My Drive/Projects/qdaily_full_backup/source/2018/02/13/“你好奇吗？”之春节大调查——和父母待在一起真的很无聊很烦人吗？_广告_好奇心日报-.md	missing_link
__ERROR__	/Users/logoutx/Library/CloudStorage/GoogleDrive-jethorg@gmail.com/My Drive/Projects/qdaily_full_backup/source/2018/02/21/明天就要回归日常生活，关于独处和陪伴这里有9个建议|HackYourLife_智能_好奇心日报-周韶宏罗聰.md	missing_link
__ERROR__	/Users/logoutx/Library/CloudStorage/GoogleDrive-jethorg@gmail.com/My Drive/Projects/qdaily_full_backup/source/2018/02/22/国内75%的机票价格将交给市场决定，这9个问题帮你理解票价到底受哪些因素影响_商业_好奇心日报-周韶宏.md	missing_link
__ERROR__	/Users/logoutx/Library/CloudStorage/GoogleDrive-jethorg@gmail.com/My Drive/Projects/qdaily_full_backup/source/2018/03/06/西班牙流感100周年：人类遭遇过什么，又改变过什么？_文化_好奇心日报-魏倩.md	missing_link
__ERROR__	/Users/logoutx/Library/CloudStorage/GoogleDrive-jethorg@gmail.com/My Drive/Projects/qdaily_full_backup/source/2018/03/21/中国要把1.4万亿美元的互联网公司搬回A股，这11个问题帮助理解它的由来和影响_商业_好奇心日报-龚方毅.md	missing_link
__ERROR__	/Users/logoutx/Library/CloudStorage/GoogleDrive-jethorg@gmail.com/My Drive/Projects/qdaily_full_backup/source/2018/03/24/拒绝与世隔绝，关于数字时代的数据转移和服务更换，这里有10个建议|HackYourLife_智能_好奇心日报-周韶宏徐弢.md	missing_link
__ERROR__	/Users/logoutx/Library/CloudStorage/GoogleDrive-jethorg@gmail.com/My Drive/Projects/qdaily_full_backup/source/2018/03/31/100本书，20个国家的故事，十几个学者，帮我们了解国家的转型：英国篇_文化_好奇心日报-刘金源.md	missing_link
__ERROR__	/Users/logoutx/Library/CloudStorage/GoogleDrive-jethorg@gmail.com/My Drive/Projects/qdaily_full_backup/source/2018/04/05/你的账号和数据自己能删掉么？我们测试了93个常用互联网服务|HackYourLife_智能_好奇心日报-徐弢杨宽周韶宏.md	missing_link
__ERROR__	/Users/logoutx/Library/CloudStorage/GoogleDrive-jethorg@gmail.com/My Drive/Projects/qdaily_full_backup/source/2018/04/08/新世代，怎样才算会生活_广告_好奇心日报-.md	missing_link
__ERROR__	/Users/logoutx/Library/CloudStorage/GoogleDrive-jethorg@gmail.com/My Drive/Projects/qdaily_full_backup/source/2018/04/10/《一些新的绘画（还有摄影）[甚至印刷作品]》，大卫·霍克尼又调皮了_设计_好奇心日报-王穗.md	missing_link
__ERROR__	/Users/logoutx/Library/CloudStorage/GoogleDrive-jethorg@gmail.com/My Drive/Projects/qdaily_full_backup/source/2018/04/22/互联网公司大数据杀熟越来越厉害，这里有7个办法避开它|HackYourLife_智能_好奇心日报-周韶宏马若飞.md	missing_link
__ERROR__	/Users/logoutx/Library/CloudStorage/GoogleDrive-jethorg@gmail.com/My Drive/Projects/qdaily_full_backup/source/2018/04/22/什么是熬夜特长生？当然是熬长长的夜，却没有黑眼圈！_广告_好奇心日报-.md	missing_link
__ERROR__	/Users/logoutx/Library/CloudStorage/GoogleDrive-jethorg@gmail.com/My Drive/Projects/qdaily_full_backup/source/2018/05/13/和爸妈去旅行不是件容易事，这十个方法和注意事项可以让你准备得更充分一些|HackYourLife_智能_好奇心日报-唐云路.md	missing_link
__ERROR__	/Users/logoutx/Library/CloudStorage/GoogleDrive-jethorg@gmail.com/My Drive/Projects/qdaily_full_backup/source/2018/05/15/我们发现，这届年轻人啊，特别擅长“说一套，做一套”_广告_好奇心日报-.md	missing_link
__ERROR__	/Users/logoutx/Library/CloudStorage/GoogleDrive-jethorg@gmail.com/My Drive/Projects/qdaily_full_backup/source/2018/05/19/【好奇心X欧莱雅】不知不觉就“绿”了，环保风潮已经席卷全球_广告_好奇心日报-.md	missing_link
__ERROR__	/Users/logoutx/Library/CloudStorage/GoogleDrive-jethorg@gmail.com/My Drive/Projects/qdaily_full_backup/source/2018/05/22/大家对“ta”的误解原来这么深_广告_好奇心日报-.md	missing_link
__ERROR__	/Users/logoutx/Library/CloudStorage/GoogleDrive-jethorg@gmail.com/My Drive/Projects/qdaily_full_backup/source/2018/06/03/毕业季是各种情绪的爆发，这里有11个建议和方法帮你度过它|HackYourLife_智能_好奇心日报-周韶宏杨宽.md	missing_link
__ERROR__	/Users/logoutx/Library/CloudStorage/GoogleDrive-jethorg@gmail.com/My Drive/Projects/qdaily_full_backup/source/2018/07/08/少用点手机能让生活更美好？我们做了为期一周的戒断实验|HackYourLife_智能_好奇心日报-周韶宏唐云路徐弢杨宽.md	missing_link
__ERROR__	/Users/logoutx/Library/CloudStorage/GoogleDrive-jethorg@gmail.com/My Drive/Projects/qdaily_full_backup/source/2018/07/29/雨季来临，飞机延误取消发生时怎样少受点罪？这有一份指南|HackYourLife_智能_好奇心日报-周韶宏王毓婵.md	missing_link
__ERROR__	/Users/logoutx/Library/CloudStorage/GoogleDrive-jethorg@gmail.com/My Drive/Projects/qdaily_full_backup/source/2018/09/16/换手机的季节又到了，旧手机如何物尽其用，这里有6个建议|HackYourLife_商业_好奇心日报-徐弢.md	missing_link
__ERROR__	/Users/logoutx/Library/CloudStorage/GoogleDrive-jethorg@gmail.com/My Drive/Projects/qdaily_full_backup/source/2018/09/24/国庆还有不到一周，这43个应用可以解决几乎所有旅行问题|HackYourLife_智能_好奇心日报-唐云路.md	missing_link
__ERROR__	/Users/logoutx/Library/CloudStorage/GoogleDrive-jethorg@gmail.com/My Drive/Projects/qdaily_full_backup/source/2018/09/27/认领创新利器，mark专属出行_广告_好奇心日报-参与留言赢取车模.md	missing_link
__ERROR__	/Users/logoutx/Library/CloudStorage/GoogleDrive-jethorg@gmail.com/My Drive/Projects/qdaily_full_backup/source/2018/09/28/当代年轻人的聪明“百搭”处世守则_广告_好奇心日报-.md	missing_link
__ERROR__	/Users/logoutx/Library/CloudStorage/GoogleDrive-jethorg@gmail.com/My Drive/Projects/qdaily_full_backup/source/2018/10/14/手机丢失让人心碎，这里有6个方法降低损失|HackYourLife_智能_好奇心日报-周韶宏朱凯麟.md	missing_link
__ERROR__	/Users/logoutx/Library/CloudStorage/GoogleDrive-jethorg@gmail.com/My Drive/Projects/qdaily_full_backup/source/2018/11/04/双11促销又开始了，这7个方法可以帮你降低一些购物欲|HackYourLife_商业_好奇心日报-董芷菲徐弢.md	missing_link
__ERROR__	/Users/logoutx/Library/CloudStorage/GoogleDrive-jethorg@gmail.com/My Drive/Projects/qdaily_full_backup/source/2018/12/03/3个追寻快乐的年轻人，和他们各自不同的人生故事_广告_好奇心日报-.md	missing_link
__ERROR__	/Users/logoutx/Library/CloudStorage/GoogleDrive-jethorg@gmail.com/My Drive/Projects/qdaily_full_backup/source/README.md	missing_link
