name	posts	first_article	last_article	status
孙若空	1151	2014-07-07	2019-04-30	active during coverage but never listed on aboutus
马安琪	505	2015-01-27	2015-08-31	pre-coverage (left before aboutus began 2015-09)
陈心怡	479	2016-03-01	2017-09-15	active during coverage but never listed on aboutus
里约	254	2014-08-04	2016-10-21	active during coverage but never listed on aboutus
陆云霏	245	2014-06-06	2015-05-15	pre-coverage (left before aboutus began 2015-09)
苏琦	237	2014-07-26	2019-05-26	active during coverage but never listed on aboutus
吴亭蓉	233	2014-04-27	2015-09-30	active during coverage but never listed on aboutus
李雅婷	223	2018-10-27	2019-05-27	active during coverage but never listed on aboutus
魏倩	221	2017-02-24	2018-07-27	active during coverage but never listed on aboutus
吴容	217	2016-03-15	2016-10-08	active during coverage but never listed on aboutus
邓若虚	181	2014-04-27	2016-01-06	active during coverage but never listed on aboutus
何姗	166	2014-05-20	2015-07-24	pre-coverage (left before aboutus began 2015-09)
李硕明	166	2014-07-19	2016-01-29	active during coverage but never listed on aboutus
柯凌雁	138	2015-01-14	2015-08-21	pre-coverage (left before aboutus began 2015-09)
许婴子	133	2018-12-06	2019-05-27	active during coverage but never listed on aboutus
黎方宇	129	2016-12-17	2019-04-21	active during coverage but never listed on aboutus
王民超	113	2014-12-04	2016-03-03	active during coverage but never listed on aboutus
江婧怡	111	2018-01-31	2018-05-25	active during coverage but never listed on aboutus
胡晨希	103	2014-06-04	2015-09-10	active during coverage but never listed on aboutus
蒋亦凡	85	2018-03-29	2018-12-31	active during coverage but never listed on aboutus
钟宛彤	75	2018-07-04	2019-03-07	active during coverage but never listed on aboutus
陈仪萱	74	2016-10-20	2017-01-15	active during coverage but never listed on aboutus
方园	73	2015-03-11	2016-11-17	active during coverage but never listed on aboutus
金一雷	69	2014-07-19	2015-01-30	pre-coverage (left before aboutus began 2015-09)
张晶	67	2014-04-29	2015-02-27	pre-coverage (left before aboutus began 2015-09)
王穗	66	2018-03-03	2018-06-15	active during coverage but never listed on aboutus
左琳	65	2018-09-04	2018-11-26	active during coverage but never listed on aboutus
刘荻	61	2014-04-30	2014-08-01	pre-coverage (left before aboutus began 2015-09)
郭亨宇	59	2018-11-02	2019-02-12	active during coverage but never listed on aboutus
许悦	59	2014-04-29	2015-01-27	pre-coverage (left before aboutus began 2015-09)
卢宝宜	58	2015-05-04	2015-09-09	active during coverage but never listed on aboutus
林若茹	58	2014-04-28	2014-10-31	pre-coverage (left before aboutus began 2015-09)
陈雨婷	55	2019-03-07	2019-05-26	active during coverage but never listed on aboutus
邹碧颖	54	2017-04-07	2017-07-08	active during coverage but never listed on aboutus
罗珍	51	2016-03-28	2016-06-01	active during coverage but never listed on aboutus
张雷	49	2014-11-06	2017-04-26	active during coverage but never listed on aboutus
姚佳欣	46	2018-04-06	2018-06-02	active during coverage but never listed on aboutus
聂丽平	44	2018-04-18	2018-06-27	active during coverage but never listed on aboutus
吴媛博	43	2018-09-04	2018-12-01	active during coverage but never listed on aboutus
邵泓惠	43	2016-02-15	2016-04-02	active during coverage but never listed on aboutus
王清	41	2014-06-05	2017-04-26	active during coverage but never listed on aboutus
陈思众	41	2016-01-16	2016-03-25	active during coverage but never listed on aboutus
唐冰蕊	39	2015-01-12	2015-04-10	pre-coverage (left before aboutus began 2015-09)
魏思静	39	2015-01-15	2015-03-27	pre-coverage (left before aboutus began 2015-09)
酸汤鱼	37	2014-11-18	2017-02-14	active during coverage but never listed on aboutus
胡雪纯	35	2015-01-13	2015-03-10	pre-coverage (left before aboutus began 2015-09)
刘夕铭	34	2015-05-06	2015-10-21	active during coverage but never listed on aboutus
万晓华	34	2017-11-22	2018-01-22	active during coverage but never listed on aboutus
朴春兰	32	2017-05-26	2017-07-25	active during coverage but never listed on aboutus
潘雨希	31	2014-04-27	2014-05-28	pre-coverage (left before aboutus began 2015-09)
刘央	30	2018-03-18	2018-05-02	active during coverage but never listed on aboutus
盛海涛	30	2018-03-27	2018-06-18	active during coverage but never listed on aboutus
王媛	29	2015-07-24	2015-08-17	pre-coverage (left before aboutus began 2015-09)
汪江敏	28	2018-02-28	2018-04-26	active during coverage but never listed on aboutus
丰景	26	2018-04-03	2018-06-19	active during coverage but never listed on aboutus
籍嘉颖	26	2018-05-05	2018-05-31	active during coverage but never listed on aboutus
许振华	26	2019-04-07	2019-05-25	active during coverage but never listed on aboutus
李童	24	2019-02-24	2019-05-27	active during coverage but never listed on aboutus
张云亭	24	2014-04-29	2014-05-29	pre-coverage (left before aboutus began 2015-09)
王震宇	24	2016-01-19	2016-04-01	active during coverage but never listed on aboutus
谢韫昂	24	2016-06-23	2016-08-05	active during coverage but never listed on aboutus
曹雅君	23	2016-07-02	2016-09-06	active during coverage but never listed on aboutus
梁珊	22	2015-07-30	2015-08-28	pre-coverage (left before aboutus began 2015-09)
姚芳沁	21	2014-04-29	2014-06-04	pre-coverage (left before aboutus began 2015-09)
祉愉	20	2018-10-10	2019-04-14	active during coverage but never listed on aboutus
曾笑盈	20	2018-12-19	2019-02-27	active during coverage but never listed on aboutus
小格格	19	2014-08-23	2015-02-28	pre-coverage (left before aboutus began 2015-09)
孙辉	18	2014-11-04	2014-12-20	pre-coverage (left before aboutus began 2015-09)
林金子	18	2017-07-12	2017-08-10	active during coverage but never listed on aboutus
丁叶蕾	17	2014-10-31	2014-12-01	pre-coverage (left before aboutus began 2015-09)
付涛	16	2014-07-08	2014-07-25	pre-coverage (left before aboutus began 2015-09)
段珞	14	2015-01-16	2015-02-25	pre-coverage (left before aboutus began 2015-09)
李熊	14	2018-03-03	2018-06-02	active during coverage but never listed on aboutus
石燕	13	2015-07-03	2015-11-29	active during coverage but never listed on aboutus
宁卉	13	2015-01-27	2016-04-20	active during coverage but never listed on aboutus
吕秋璇	13	2015-01-28	2015-02-07	pre-coverage (left before aboutus began 2015-09)
金嘉捷	13	2015-05-14	2015-06-08	pre-coverage (left before aboutus began 2015-09)
徐涛	13	2014-04-29	2014-05-28	pre-coverage (left before aboutus began 2015-09)
赵慧	13	2014-04-30	2014-05-28	pre-coverage (left before aboutus began 2015-09)
毛奕云	13	2014-11-06	2014-12-30	pre-coverage (left before aboutus began 2015-09)
胡晓曦	12	2014-11-11	2014-11-21	pre-coverage (left before aboutus began 2015-09)
刘质真	10	2019-02-06	2019-05-07	active during coverage but never listed on aboutus
吉井忍	9	2018-04-26	2019-05-21	active during coverage but never listed on aboutus
魏云峰	9	2014-06-16	2015-05-13	pre-coverage (left before aboutus began 2015-09)
杨茜	9	2015-03-25	2015-04-14	pre-coverage (left before aboutus began 2015-09)
吉家骜	9	2018-05-25	2018-06-12	active during coverage but never listed on aboutus
金鑫	9	2018-06-02	2018-07-28	active during coverage but never listed on aboutus
张典	8	2015-06-03	2015-06-11	pre-coverage (left before aboutus began 2015-09)
叶芳妤	8	2015-11-19	2016-01-15	active during coverage but never listed on aboutus
王雯婷	7	2015-07-19	2015-09-23	active during coverage but never listed on aboutus
蕾	7	2014-07-17	2015-01-30	pre-coverage (left before aboutus began 2015-09)
谢宇程阳	7	2016-01-13	2016-02-04	active during coverage but never listed on aboutus
伍逸潇	7	2017-03-10	2017-03-25	active during coverage but never listed on aboutus
魏泽寰	6	2015-06-11	2015-07-04	pre-coverage (left before aboutus began 2015-09)
不鸟万如一	6	2015-01-09	2016-03-18	active during coverage but never listed on aboutus
方圆	6	2015-02-03	2015-03-07	pre-coverage (left before aboutus began 2015-09)
徐雅静	6	2015-05-05	2015-05-18	pre-coverage (left before aboutus began 2015-09)
张雪健	6	2017-04-05	2017-04-10	active during coverage but never listed on aboutus
陆慧泉	5	2015-01-27	2015-03-25	pre-coverage (left before aboutus began 2015-09)
周颖	5	2015-06-12	2015-06-27	pre-coverage (left before aboutus began 2015-09)
苏小茶	5	2015-12-01	2015-12-05	active during coverage but never listed on aboutus
相妄	5	2015-12-15	2015-12-19	active during coverage but never listed on aboutus
赵安琪	5	2016-05-09	2016-07-29	active during coverage but never listed on aboutus
童淑婷	4	2018-07-22	2018-07-30	active during coverage but never listed on aboutus
王世威	3	2014-07-18	2014-07-25	pre-coverage (left before aboutus began 2015-09)
王鸿超	3	2014-05-12	2014-05-13	pre-coverage (left before aboutus began 2015-09)
大头君	3	2015-11-03	2015-11-07	active during coverage but never listed on aboutus
塔拉	3	2015-11-03	2015-11-07	active during coverage but never listed on aboutus
李佳龙	3	2016-01-20	2016-02-05	active during coverage but never listed on aboutus
王文雅	3	2016-03-03	2016-03-25	active during coverage but never listed on aboutus
季文儀	3	2017-02-23	2017-02-24	active during coverage but never listed on aboutus
李烨	3	2016-12-10	2016-12-24	active during coverage but never listed on aboutus
林红	3	2016-05-19	2016-05-24	active during coverage but never listed on aboutus
刘天	3	2016-06-14	2016-06-24	active during coverage but never listed on aboutus
王海娜	2	2015-07-16	2015-07-20	pre-coverage (left before aboutus began 2015-09)
沈春竹	2	2014-07-03	2014-07-10	pre-coverage (left before aboutus began 2015-09)
周宗珉	2	2014-07-15	2014-10-21	pre-coverage (left before aboutus began 2015-09)
崔琦雯	2	2014-08-12	2014-11-07	pre-coverage (left before aboutus began 2015-09)
党琦	2	2015-01-08	2015-01-08	pre-coverage (left before aboutus began 2015-09)
毛冬	2	2014-11-22	2015-01-24	pre-coverage (left before aboutus began 2015-09)
李紫窈	2	2018-05-07	2018-05-09	active during coverage but never listed on aboutus
不有	2	2019-02-06	2019-05-11	active during coverage but never listed on aboutus
东来	2	2019-03-02	2019-05-18	active during coverage but never listed on aboutus
袁哲生	2	2019-02-08	2019-05-25	active during coverage but never listed on aboutus
黄国峻	2	2019-02-07	2019-04-06	active during coverage but never listed on aboutus
王小波	2	2018-01-31	2019-04-13	active during coverage but never listed on aboutus
邓涛	2	2015-04-16	2015-05-10	pre-coverage (left before aboutus began 2015-09)
马赈翊	2	2015-05-19	2015-05-20	pre-coverage (left before aboutus began 2015-09)
吴思远	2	2015-06-12	2015-06-26	pre-coverage (left before aboutus began 2015-09)
王思齐	2	2015-06-27	2015-06-30	pre-coverage (left before aboutus began 2015-09)
袁帅	2	2014-05-24	2014-05-25	pre-coverage (left before aboutus began 2015-09)
王前	2	2018-01-02	2019-02-21	active during coverage but never listed on aboutus
陆茵茵	2	2019-01-05	2019-02-05	active during coverage but never listed on aboutus
武从文	2	2014-12-03	2014-12-05	pre-coverage (left before aboutus began 2015-09)
严小鳙	2	2016-01-31	2016-02-08	active during coverage but never listed on aboutus
吴泽源	2	2016-02-07	2017-02-01	active during coverage but never listed on aboutus
郑子宁	2	2016-02-08	2016-02-09	active during coverage but never listed on aboutus
黄章晋	2	2016-02-10	2016-02-11	active during coverage but never listed on aboutus
乔奕思	2	2016-02-10	2017-01-31	active during coverage but never listed on aboutus
李博	2	2016-06-16	2016-07-08	active during coverage but never listed on aboutus
欧阳赫迪	2	2016-04-25	2016-07-11	active during coverage but never listed on aboutus
